{
  "model_type": "knn",
  "n_samples": 861,
  "n_classes": 6,
  "classes": [
    "A",
    "B",
    "F",
    "K",
    "M",
    "O"
  ],
  "test_size": 0.2,
  "timestamp": "2026-03-03T15:31:49.666466",
  "accuracy_test": 0.8786127167630058,
  "accuracy_cv_mean": 0.8815028901734104,
  "accuracy_cv_std": 0.01875317094041707,
  "n_neighbors": 4,
  "weights": "distance",
  "metric": "euclidean",
  "training_time_seconds": 143.40470623970032
}